{
	"animations": [
		{
			"offsets": [0, 0],
			"indices": [],
			"fps": 12,
			"anim": "idle",
			"loop": false,
			"name": "idle"
		},
		{
			"offsets": [0, 0],
			"indices": [],
			"fps": 12,
			"anim": "singLEFT",
			"loop": false,
			"name": "left"
		},
		{
			"offsets": [0, 0],
			"indices": [],
			"fps": 12,
			"anim": "singDOWN",
			"loop": false,
			"name": "down"
		},
		{
			"offsets": [0, 0],
			"indices": [],
			"fps": 12,
			"anim": "singUP",
			"loop": false,
			"name": "up"
		},
		{
			"offsets": [0, 0],
			"indices": [],
			"fps": 12,
			"anim": "singRIGHT",
			"loop": false,
			"name": "right"
		}
	],
	"vocals_file": "",
	"no_antialiasing": false,
	"image": "characters/gt",
	"position": [200, 500],
	"healthicon": "gt",
	"flip_x": false,
	"healthbar_colors": [223, 193, 143],
	"camera_position": [-150, -150],
	"sing_duration": 2.5,
	"scale": 10,
	"_editor_isPlayer": false
}